image1,image2,similar,elapsed
watch1.jpg,watching.jpg,93.65142209871195,0.055702
watching.jpg,cart.png,211.4518611094891,0.100491
cart.png,cart.jpg,0,0.14446600000000004
sourcecode.jpg,watching.jpg,108.5663257593665,0.16802700000000004
shoes.jpg,shoes.gif,0,0.200478
watching.jpg,shoes.jpg,0,0.220928
sourcecode.jpg,watching.jpg,108.5663257593665,0.24229500000000004
